id,collected_at,published_at,source,title,url,keyword,content,summary,category,importance,reason,llm_provider,llm_model,llm_status,llm_error
34801a495473821e,2026-06-22T20:39:15+09:00,"Mon, 22 Jun 2026 05:07:17 GMT",Google News,"""웨어러블 로봇이 피지컬 AI의 가장 현실적인 핵심 축"" - 지디넷코리아",https://news.google.com/rss/articles/CBMiVkFVX3lxTFBFb1NlZm9rTkxOZFhYZW12ek9GTDBjakJPUDFSYU0tTUVnSXJlbjJ5eDljS2F4bXgyWEl4RVJaWUNra2lrNWk2UnZZLWZuWGdnMnFEc3J3?oc=5,AI,"""웨어러블 로봇이 피지컬 AI의 가장 현실적인 핵심 축"" 지디넷코리아",,,,,,,pending,
0c22ff827348d1da,2026-06-22T20:39:15+09:00,"Sun, 21 Jun 2026 21:00:00 GMT",Google News,삼전 반도체 공장 부지 ‘광주군공항’ 유력 - 세계일보,https://news.google.com/rss/articles/CBMiWEFVX3lxTE5rX244M1BfZWhESExDMS10Y2ZCQ1hkejNLOTI4dDUzWTgzVHNWNk9SaGV2V0xkc0NzeWc0eVkxYV81ZVFUT0M5UmZHVHdnTjBrb3h5c0d0QkjSAVRBVV95cUxQaWI3WWRQMElzQnBWQjJ3V2NPNDNPSUdFWi1IX2lpdTNadHMzUmNINUNBZ0pOV1Z0cXY5YmQ2ZDdJOFZyUncxTFNRZFpZRC1vcnhDbkU?oc=5,반도체,삼전 반도체 공장 부지 ‘광주군공항’ 유력 세계일보,,,,,,,pending,
d8273c2cc89dd42b,2026-06-22T20:39:15+09:00,"Mon, 22 Jun 2026 07:34:00 GMT",Google News,"베어로보틱스, 영국 휴머노이드 로봇 스타트업 키니시 인수 계약 - 조선비즈 - Chosunbiz",https://news.google.com/rss/articles/CBMijAFBVV95cUxPdmNQNVRVbG9qQUxGVHpaWThnTlgyR085M1M3QlRUajFROVFCYmk2TWcyOG14SUJibnFldGhsTjgwdG5ncG5zU2s0VEhqM2U1MDJaZkFaLWdXbGd4Uks0WVJZTjVYVmFzU2dORmlCOVY5MFNQVVZrQklXZ3kzM3E4MDVvcGdELXl2WGYtNdIBoAFBVV95cUxQSXdyZ0xVZ3had2VnUjgtWE5OUzRHX1FidVZiNG9oM09zRm5mOXdTTklVWVRDTlgtYzF0TWQ0SldVWjZuRExWMnNrZkdINUE2OUdxLU5GeHN4NmJCWmtGbDRFYmRkbUtNUW8xT1dibEliTEdtS250Rmk3RkNJZ2tXWWJKRFE2R0FWY3kyM2RTX0NIeVZOMkRuMDI4YUwwRHpw?oc=5,스타트업,"베어로보틱스, 영국 휴머노이드 로봇 스타트업 키니시 인수 계약 - 조선비즈 Chosunbiz",,,,,,,pending,
8f07562b5ed2090f,2026-06-22T20:39:15+09:00,"Sun, 21 Jun 2026 23:10:03 GMT",Google News,전쟁 물러서자 금리 돌아왔다…금값 흔든 진짜 주인은? - 지디넷코리아,https://news.google.com/rss/articles/CBMiVkFVX3lxTFBvNHJLNm4wc29FRWIxc2VNeDRJZ2V2SWh0RWxHYloxZHpqRmhpUUl5ZTRyMUtyTXBnOENBcWszY0lRby1ZMFBPaEpBM0pKWGlwalJhX29n?oc=5,금리,전쟁 물러서자 금리 돌아왔다…금값 흔든 진짜 주인은? 지디넷코리아,,,,,,,pending,
bd819b03599a8315,2026-06-22T13:50:10+00:00,"Mon, 22 Jun 2026 06:14:55 GMT",Google News,"美 미토스 수출 통제 후, AI가 폭주할 때 ‘브레이크’ 밟는 기술 확산 - 조선일보",https://news.google.com/rss/articles/CBMigwFBVV95cUxOSVNzVFZuREFaM1ZsN1FVQkJxNnlHMnd0WW5YYmplY0RQXzlab0xNQUlORVVmeGl2WFhkRGtMZXU2OWx4eGZIX3VYTE5pMFkwb2dyN2M5SGtOMDFuczJwSEhmQzNGeUlIOWVxcFpzSXBHTko3WVJwRG5OSjQtdUtRMjRYUQ?oc=5,AI,"美 미토스 수출 통제 후, AI가 폭주할 때 ‘브레이크’ 밟는 기술 확산 조선일보",,,,,,,pending,
ee5fc86aa9e2f3bc,2026-06-22T13:50:10+00:00,"Mon, 22 Jun 2026 13:04:55 GMT",Google News,"재경부, 공공기관 AI 우수활용 현장 방문…한국공항공사 첫 점검 - 매일경제 마켓",https://news.google.com/rss/articles/CBMiUkFVX3lxTE53ZTRKOEVRRlhPcU9iZXBRTWRYY3Y3TGQ5YlM3WkxKWVZHNjlXWHFaNXJVMG5zdjBoZGtSVDdJdnhlbXhIM1IwRy12YzRWMENvdkE?oc=5,AI,"재경부, 공공기관 AI 우수활용 현장 방문…한국공항공사 첫 점검 매일경제 마켓",,,,,,,pending,
8b725a842dd924fd,2026-06-22T13:50:10+00:00,"Mon, 22 Jun 2026 13:30:00 GMT",Google News,"AI가 도운 기적… 머리 붙은 샴쌍둥이, '40시간 대수술' 끝에 분리 성공 - 전자신문",https://news.google.com/rss/articles/CBMiTkFVX3lxTFBDdHYwNkZ4RXVMY0dta183d1J3M0NrSWpLckEwTy1OV0xsdTJFcmsweWZyWEZtVmo2OXdVSEFkWEotdm9PM0ptUWdUWW1Ldw?oc=5,AI,"AI가 도운 기적… 머리 붙은 샴쌍둥이, '40시간 대수술' 끝에 분리 성공 전자신문",,,,,,,pending,
6580ca90c1e3d9b6,2026-06-22T13:50:10+00:00,"Mon, 22 Jun 2026 04:49:51 GMT",Google News,"‘전기 먹는 하마’ AI 데이터센터, 탄소 배출 새 뇌관 될까 [환경 인사이드] - v.daum.net",https://news.google.com/rss/articles/CBMiT0FVX3lxTE5pVkNQWXE2NTNrU2g5clJPYTZVTUVFaXNpZ0xPaGFKWERRbzhEQ0s2cWJKMWtEWmpESS0wQU05NERYc2hrOXB3VjVNVW9PZG8?oc=5,AI,"‘전기 먹는 하마’ AI 데이터센터, 탄소 배출 새 뇌관 될까 [환경 인사이드] v.daum.net",,,,,,,pending,
1724f32c67b9bd0b,2026-06-22T13:50:10+00:00,"Sun, 21 Jun 2026 06:04:00 GMT",Google News,“AI 인재를 키워라” 10개 대학 13개 계약학과 최종 선정 - 경향신문,https://news.google.com/rss/articles/CBMiWkFVX3lxTE5zT21weVdFZ0JNY1hBS21BQXZMc09TcVR4ZUFNT25fMzE2U3hqelo5NUliT05EcENhY2w1MFZQSFhPXy1mS2RvUER3eWtNRVZzakFQRlNsTzM4Z9IBX0FVX3lxTE9KdmtnSkh2N2wyRG02SXd1Ym5QaGxjbGYxNFMtdmxucEZ4RFRPR1IzWWJuRlN1OHNhNWh6a0JmbVpUT2dBU2IyWW0zR0FwdVE0XzlvTXdFUG5vMmZ0bWc4?oc=5,AI,“AI 인재를 키워라” 10개 대학 13개 계약학과 최종 선정 경향신문,,,,,,,pending,
8fa4b0787ac81d16,2026-06-22T13:50:10+00:00,"Mon, 22 Jun 2026 08:05:13 GMT",Google News,"""AI를 일본도로 막을 건가?""‥손정의 ""日 최악 위기"" - MBC 뉴스",https://news.google.com/rss/articles/CBMidEFVX3lxTE5Lb19SYjl2SmtjMmxWSkdSYkVfRHNvNlBCb29HaV9VbDZxVHJVUi1vS3E5UjdpdmM4U2hvbFcwMEVaVzluMW9zR2JDdmUyMTBZOFc5NEZOZzZxelJvLWR5OTdJWWFINWtDbU05NUpPTFB1d2Y10gF0QVVfeXFMTkN5dEpTUkFXMXgxUUV0eWdVUlRqYy1BS0xsanlxWU5rbHhXQzdHNmxxVms2WXFDaUJGOHpBcmlpYVRrTDNmUnhHY0RvODF3S0phTWNGeDh4dE5xc1VmeE1UbjNQUnNEajRWVXRIcTZBYXlOcEM?oc=5,AI,"""AI를 일본도로 막을 건가?""‥손정의 ""日 최악 위기"" MBC 뉴스",,,,,,,pending,
62390d4a88a7fc04,2026-06-22T13:50:10+00:00,"Sun, 21 Jun 2026 12:36:09 GMT",Google News,"LG, 엔비디아와 AI 협력 속도…회동 2주 만에 실무진 방미 - 연합인포맥스",https://news.google.com/rss/articles/CBMicEFVX3lxTE5xOGNoTWZwdTEtQ2M3ZUhkaWxLdGs0dGkwNlIwc3UwaUlpaEpYeVhKVUFSa2ZJUXRnUlRMTEtSempCWWxkOC1SMXBnSjNUMTNsbk5Ud2I2dVU5SzJkdllmQmVMbExoODN3aDRYeE1wN1Y?oc=5,AI,"LG, 엔비디아와 AI 협력 속도…회동 2주 만에 실무진 방미 연합인포맥스",,,,,,,pending,
0130e7cbf36a51e1,2026-06-22T13:50:10+00:00,"Sun, 21 Jun 2026 10:23:50 GMT",Google News,"LG, 엔비디아와 차세대 AI 협력 논의 박차…그룹 경영진 방미 - 연합뉴스",https://news.google.com/rss/articles/CBMiW0FVX3lxTE1QODdPQkV0NEw0X0d4bHBiOG9Bd2YyZkNmelAtbENqRDBwOXdyY0RRZEQ1VE8wazZvMFQzTUdJXzR2WG5XOVJ1XzVvMDVWUHFSckpscHJpYnFxMTTSAWBBVV95cUxNeXVvVUd0Wlc3X19qODJWRzNZOXdtZThZTE1FLTdsS3RyWmhaR3NQbGRlNXpUVWRLSW5UeVJRZllJWnlFRllEQm5UWXctTzQ0ZzUxVktOMGh5TjYzdWFNXzI?oc=5,AI,"LG, 엔비디아와 차세대 AI 협력 논의 박차…그룹 경영진 방미 연합뉴스",,,,,,,pending,
4d6e456015399502,2026-06-22T13:50:10+00:00,"Mon, 22 Jun 2026 08:53:16 GMT",Google News,"구광모·젠슨 황, ‘피지컬 AI’ 광속 행보…LG+엔비디아, ‘AI 로봇’ 나오나 - CEO스코어데일리",https://news.google.com/rss/articles/CBMiaEFVX3lxTE1yWGxFNnF6eXBBcDFqRHdRS3A5dHU1MTV2djA1OWR5U3NJb2JXTzVZS19YTE1DNGpyYjhJbHMtV3AyN0JfT3RuNlhxQ2ZJbmdCZmZWTUlIX1JtMW1NcWFvUmVxdU9FX0ZE?oc=5,AI,"구광모·젠슨 황, ‘피지컬 AI’ 광속 행보…LG+엔비디아, ‘AI 로봇’ 나오나 CEO스코어데일리",,,,,,,pending,
b9244735c921d936,2026-06-22T13:50:10+00:00,"Mon, 22 Jun 2026 06:29:00 GMT",Google News,반도체 원청 “동탄 임장 3팀씩 다녀요”…하청은 “임금 그대론데 집값 올라” - 한겨레,https://news.google.com/rss/articles/CBMiZEFVX3lxTE02TVJ5aXVMb0JSQzlpODI5RkoxQzF0NGtwc3pwb0RNcnY4V1ZFeTM5NVE1YndDNzBBVC1vdWllUHVHY2ViOGFZOWZCMTI0VFBYWER0VUJIMVFnaUhNWWJoQVFSNmI?oc=5,반도체,반도체 원청 “동탄 임장 3팀씩 다녀요”…하청은 “임금 그대론데 집값 올라” 한겨레,,,,,,,pending,
99b3fe88faaa93d6,2026-06-22T13:50:10+00:00,"Sun, 21 Jun 2026 11:35:27 GMT",Google News,"""2억 물어줘도 안 팔아"" 계약 파기까지‥반도체 호황에 동탄 부동산 '들썩' - MBC 뉴스",https://news.google.com/rss/articles/CBMieEFVX3lxTE9DWUxqeGM2Nm9jQmsyXy1ZcGpsWGtLX1FrQ3ZkdFhEbkhSbXM0MnZiNHhDUlZMeVRhdUtNZUJBTTFBQUtGZjFTd3pGc0xFOC1VZjRwc1liZ3J4VUtUX0dTU045dGdUbUpYYWRzR1pKNXFrb2hQUnJJUQ?oc=5,반도체,"""2억 물어줘도 안 팔아"" 계약 파기까지‥반도체 호황에 동탄 부동산 '들썩' MBC 뉴스",,,,,,,pending,
75881f633d1bfa6a,2026-06-22T13:50:10+00:00,"Mon, 22 Jun 2026 11:28:41 GMT",Google News,"들썩인 동탄·용인 '핀셋 규제'? ""반도체 벨트 과열 막아야"" - v.daum.net",https://news.google.com/rss/articles/CBMiT0FVX3lxTFBPUVNnZlg2ZTNVTHctMnE5dGI4RkZUaHNzZjBEdi1hSjl3RDlkX013VU5SYy1HZFF3N0hfNnZfTjBzNG1QdWtaV1dUZHY5blk?oc=5,반도체,"들썩인 동탄·용인 '핀셋 규제'? ""반도체 벨트 과열 막아야"" v.daum.net",,,,,,,pending,
21a4f4321ca9e376,2026-06-22T13:50:10+00:00,"Mon, 22 Jun 2026 05:06:18 GMT",Google News,"""반도체 우려할 때 아니다""…더 사도 되는 이유 봤더니 - 한국경제",https://news.google.com/rss/articles/CBMiWkFVX3lxTE5JVWMxVmdzckw0bU5BakNzZ0hBa1ROZktmSnlJbzZQVUhWU0VoaTJ6WUZDZS1wOEZ0Tm1mTVlJdVU0bFFqSFR2TlZjQjlNUHRnUDVsalBXSlY5UdIBVEFVX3lxTE5kREtPQ3lJbE1HS2hZYmZHczI2eEdROF9rZ21lR1p3TkI2MGhQRXhreEZSVW5jaDhvM25KSWlDbTUyZDdnaDN0SC1qc21RMm01VTRzcQ?oc=5,반도체,"""반도체 우려할 때 아니다""…더 사도 되는 이유 봤더니 한국경제",,,,,,,pending,
8977fed7ea2b8404,2026-06-22T13:50:10+00:00,"Mon, 22 Jun 2026 00:17:16 GMT",Google News,"6월 중순 수출 620억달러, 역대 최대…반도체 비중 40% 넘어(종합) - 연합뉴스",https://news.google.com/rss/articles/CBMiW0FVX3lxTE9ZdVVBX1NfQ29wSVJRRTVPTk1JeER6cjFZSlB0ZDd4S19BLXR2V0dVQ0daRWtBckFGY042cDE0aGhJZWlkUWtRVG9zbndTUWdFMUxyaDFBMXFzMkXSAWBBVV95cUxQTnhzUWZqMnFnWXFsalN0a3kzWjc2QjFLV1o4QkFLYjV1a0xCT09FUmxkZG5Ic2I5VFdwNFJ4RWZhMFpUWjhIM0QxWm44QWQ2S2QxM3h3cFNuWm4tbVpXR1o?oc=5,반도체,"6월 중순 수출 620억달러, 역대 최대…반도체 비중 40% 넘어(종합) 연합뉴스",,,,,,,pending,
ad160e2b9bd9d8ac,2026-06-22T13:50:10+00:00,"Mon, 22 Jun 2026 00:12:00 GMT",Google News,[속보]반도체 188% 폭증…6월 1~20일 수출 620억 달러 ‘역대 최대’ - v.daum.net,https://news.google.com/rss/articles/CBMiT0FVX3lxTFB4NHptVnctcF9BS09ZOFNWNURHRm1jaDZsUm10bXZzOUdFYUVrbWpMVFhrTW0xTE1ucGpWYlN5RndBRkZLVEZlRDFiR1pOMnM?oc=5,반도체,[속보]반도체 188% 폭증…6월 1~20일 수출 620억 달러 ‘역대 최대’ v.daum.net,,,,,,,pending,
34cfd5be5272de19,2026-06-22T13:50:10+00:00,"Mon, 22 Jun 2026 08:46:14 GMT",Google News,"모건스탠리 ""반도체發 수출 호황, 내년말까지 간다"" - 매일경제",https://news.google.com/rss/articles/CBMiUkFVX3lxTE8zS2JveHNYM1lhRUI4eTZSbXNZeEJuZm03X3pSRVQzeDFjd3FqZ2xxMlJCMENONW4zTDRodllxN2pYRW9VYnpXcHkyT2NfdUt3Y3c?oc=5,반도체,"모건스탠리 ""반도체發 수출 호황, 내년말까지 간다"" 매일경제",,,,,,,pending,
75825d003f1e8260,2026-06-22T13:50:10+00:00,"Sun, 21 Jun 2026 22:00:10 GMT",Google News,반도체보다 뜨거운 MLCC…ETF는 감감무소식 - 인베스트조선,https://news.google.com/rss/articles/CBMigwFBVV95cUxONkdPWno3UzdhSk1uZ29UU0NWeEFua3pwREU5Z3JGOVROSHNXRFNDazQ4XzlrTnRUSGlIQndJckpzanc4amc0Z0N0SnpYeG0tNE54UFFXRk5HX09NQlNKR2ZoX0x1SmJFamxPZXFuYnBmVmc5VWp0c0E1eE0zRVMyd1JXaw?oc=5,반도체,반도체보다 뜨거운 MLCC…ETF는 감감무소식 인베스트조선,,,,,,,pending,
9c2992f6eb8840c6,2026-06-22T13:50:10+00:00,"Mon, 22 Jun 2026 08:10:00 GMT",Google News,“변기·MSG 만들다 반도체 대박”… AI 호황에 웃는 日기업들 - 동아일보,https://news.google.com/rss/articles/CBMic0FVX3lxTE1qNkdkaXJzQTRXSXJNMjNpRDY0X2lqUXpFZzBlMlIzeDBzanBrMERZS2NxN0I0MVYzVXFZS2ZkNUppUEtZdHNDWllrWWNwUDAyQUE0Nk1QVnRxcmRtUGtSWUN4Vl9iczVQblpORG1YZ05LY1HSAWZBVV95cUxPeVItdy1KVnZCcWhpdGRIX2U1eUl0WHhPd1A4OEVVM0E3M2dpRmtSUDAtM0tkRGVMdl9XREpoS0lacHJsdG1ERm1QQW1HN0R2Z1pyNmh2WHpZWGk3SkxMek1GR2o3Q3c?oc=5,반도체,“변기·MSG 만들다 반도체 대박”… AI 호황에 웃는 日기업들 동아일보,,,,,,,pending,
34272f92ff5c90a8,2026-06-22T13:50:10+00:00,"Mon, 22 Jun 2026 08:32:02 GMT",Google News,청년 창업 세정지원 「스타트업 세금든든케어」 - 카드/한컷 | 멀티미디어 - 대한민국 정책브리핑,https://news.google.com/rss/articles/CBMibkFVX3lxTFBrUm4tNlIyMUtIeUo1QjNvTERVbVoydUw4bDRnQ3ZMQm92NXhTT1lIaXl2dnNtQTNIMGUwM3RIWHlOX1pjZ1A5akxnMnM5cXhGWkJNNFlqYk9UVFZRNlBERXFMTm5iOWNtZzdpSElB?oc=5,스타트업,청년 창업 세정지원 「스타트업 세금든든케어」 - 카드/한컷 | 멀티미디어 대한민국 정책브리핑,,,,,,,pending,
252655eab9a31291,2026-06-22T13:50:10+00:00,"Mon, 22 Jun 2026 08:47:10 GMT",Google News,"LG 자회사 베어로보틱스, 英 휴머노이드 스타트업 키니시 로보틱스 인수 - 지디넷코리아",https://news.google.com/rss/articles/CBMiVkFVX3lxTE01QWRWbzA3NVhHcDJvb2hnVk85bWl0YVk5QnZOVmx4cjRSbHdaaW0xZVdSNFJ5OXRvMnV4NTh1eDgzTVNoNWNQN1l5WTlOWG13bXc5V0VB?oc=5,스타트업,"LG 자회사 베어로보틱스, 英 휴머노이드 스타트업 키니시 로보틱스 인수 지디넷코리아",,,,,,,pending,
655935d358b566a2,2026-06-22T13:50:10+00:00,"Mon, 22 Jun 2026 07:16:00 GMT",Google News,"[Tech & Now] 베어로보틱스, 英 휴머노이드 스타트업 '키니시 로보틱스' 인수 - 네이트",https://news.google.com/rss/articles/CBMiU0FVX3lxTE84aTRBaFlsM1E1Yzl6ek16QUtta2xOM0NDOGoxejRaamgwZmhEOFRSTHBmaVZNWEtLOXVVdl80RHVvQXVoQ1pkdXJ5NGxkZV9XSTVv?oc=5,스타트업,"[Tech & Now] 베어로보틱스, 英 휴머노이드 스타트업 '키니시 로보틱스' 인수 네이트",,,,,,,pending,
321431dd205f873e,2026-06-22T13:50:10+00:00,"Mon, 22 Jun 2026 00:58:08 GMT",Google News,"고객 AX 함께 이끌 AI 스타트업 찾는다…KT, 'K-PATH 2026' 공모 시작 - 연합뉴스",https://news.google.com/rss/articles/CBMiW0FVX3lxTE51LWNOT2o0OGxRUEphUG1jQ01ENXI2LUdqVXFIYWFTNFpVckdOZG9KOGVqc0NrQXFQcm9WRzVWLU1MN3ZuTGd5WUpuVnc2R2d5WU9vZmxINWdENnM?oc=5,스타트업,"고객 AX 함께 이끌 AI 스타트업 찾는다…KT, 'K-PATH 2026' 공모 시작 연합뉴스",,,,,,,pending,
3e08ecb41e37ba43,2026-06-22T13:50:10+00:00,"Mon, 22 Jun 2026 00:43:03 GMT",Google News,"KT, AI 스타트업 20곳 키운다…'K-PATH 2026' 공모 - 매일경제 마켓",https://news.google.com/rss/articles/CBMiUkFVX3lxTE9aWnoxWG1hQlN6alhtWGpJeTd1NFVXVGdBUXl0cU1NOUtOdm5xUk92VFRMdUtnb0FBWUs2SjFWbkRzS2tPQU9zVTRzOW9MQTRDd2c?oc=5,스타트업,"KT, AI 스타트업 20곳 키운다…'K-PATH 2026' 공모 매일경제 마켓",,,,,,,pending,
d536aea613d0ff18,2026-06-22T13:50:10+00:00,"Mon, 22 Jun 2026 08:45:51 GMT",Google News,"KT, 'AX 파트너' 스타트업 20곳 발굴 - v.daum.net",https://news.google.com/rss/articles/CBMiT0FVX3lxTE5CY3NGLVBJbDJqdmRiRFlfZmhlblZENTd1SkdBMjVJdEo2ZnRLaDYyNEdkb1kzeGstZFRvQzBCMC1oUk9Nd0FJY2JuelVLWXc?oc=5,스타트업,"KT, 'AX 파트너' 스타트업 20곳 발굴 v.daum.net",,,,,,,pending,
58611619c88ad362,2026-06-22T13:50:10+00:00,"Mon, 22 Jun 2026 01:27:47 GMT",Google News,"호서대 지원 스타트업 지앤티, '비바테크놀로지'서 100만유로 투자확약 - 머니투데이 - 머니투데이",https://news.google.com/rss/articles/CBMiakFVX3lxTFBTUjRCX1l1bFRnU1VVckNVdVVXNjNxM0dKdDNVbXVlYzMwdktEQmthd3oxT0gxaXljQ0Vha3VJbHpyR2hfZFBBOHh6emh2aUlZbndOSFE4SEV3MXZsSDZuSU03VURBZGNVSVHSAW9BVV95cUxOVzhVa2RIOTRsYkNfQzdYTmVvZTdseVBwTGxEbzNRYTdhaVVPUmVrMUpEckp5WldTc3BtdEV3bllIUHM4V21lTzJDWGFhTDBZZDU1Z0w5c21EMjQtMnlXOG9oQVNJbFFOaG16MjVsN0U?oc=5,스타트업,"호서대 지원 스타트업 지앤티, '비바테크놀로지'서 100만유로 투자확약 - 머니투데이 머니투데이",,,,,,,pending,
9f1f7019615b21b0,2026-06-22T13:50:10+00:00,"Mon, 22 Jun 2026 02:12:09 GMT",Google News,"호서대학교, 스타트업 해외 진출 및 글로벌 투자유치 지원 강화 - 뉴스타운",https://news.google.com/rss/articles/CBMibkFVX3lxTFB4OW9HS3pQZVpESlJEand6Ql84ZC1MZGViNnFoeFVTdDJJVV9fcl9rOHU5bTNxRUM3SmsyYUlfT216M2Zka29WNWtBRnhiblFfQkJKb2k1NWYzYS16cnM3bVRHa1BNa2FjZTRhOTVR?oc=5,스타트업,"호서대학교, 스타트업 해외 진출 및 글로벌 투자유치 지원 강화 뉴스타운",,,,,,,pending,
85af31ad9159ca45,2026-06-22T13:50:10+00:00,"Mon, 22 Jun 2026 00:38:42 GMT",Google News,"호서대 지원 스타트업 지앤티, 유럽 전시회서 17억원 투자확약 - 천지일보",https://news.google.com/rss/articles/CBMiakFVX3lxTE5FVVl5OUtodEd5UnZ0dEdXZnBMMFROQWpQVURjN0diRFlYMzB2dC1XSThOTk4zbDY1WEx6WFRqZnF0QkhLRmZQQmdSV3lRNWVhYzdFOWNvYlMwMXlMYjIySklSX0JvbDNrV0E?oc=5,스타트업,"호서대 지원 스타트업 지앤티, 유럽 전시회서 17억원 투자확약 천지일보",,,,,,,pending,
30ce605d4a6b3780,2026-06-22T13:50:10+00:00,"Sun, 21 Jun 2026 20:47:51 GMT",Google News,금융 위기 전으로 돌아가는 연준? 금리 방향 ‘힌트 주기’ 없애는 워시 - v.daum.net,https://news.google.com/rss/articles/CBMiT0FVX3lxTE1QR1dMSW5EZDBlT1VrNk90T1A3SHZVUDl2U0lfenJRdUo2Y2VKR0oybTlYa2dMeUw4WjJKN2VpWnRoSUNlZS05dGVFblFQd3c?oc=5,금리,금융 위기 전으로 돌아가는 연준? 금리 방향 ‘힌트 주기’ 없애는 워시 v.daum.net,,,,,,,pending,
dfdb3f9451730cd6,2026-06-22T13:50:10+00:00,"Mon, 22 Jun 2026 12:15:29 GMT",Google News,美 '금리 마에스트로' 앨런 그린스펀 별세…향년 100세(종합) - 뉴스1,https://news.google.com/rss/articles/CBMiWEFVX3lxTFB4RkpHbk9wQTVtYVNiRzFtVjZRMTJSSWVvMjl6bHIyZ0RROURJczhZSDRIWTBIclpQcXJ0SlRqWW1fTTQwYXItTUxoRnV0T0pZSDduUUpIRTk?oc=5,금리,美 '금리 마에스트로' 앨런 그린스펀 별세…향년 100세(종합) 뉴스1,,,,,,,pending,
91e60450ba4e13df,2026-06-22T13:50:10+00:00,"Mon, 22 Jun 2026 06:20:29 GMT",Google News,반도체 성과급의 역습…금리·세금 올리는 방아쇠 - 스트레이트뉴스,https://news.google.com/rss/articles/CBMic0FVX3lxTFBQWnUzZmhKWmRfVTc4aDBsRk1VNFpnZ3Z5NVZsVjFKOWdKNDFQaU5uS1A0WjBfbDFqWHVBSjVrU1pseW9xVjFIMXVSM05ndzlqcEVjMDZNN0tMZXdyU2RVNkJTeFNPV0IyN3lJNjUxMjFpOFHSAXdBVV95cUxObnp2V0dpakRpdHFTTkhjYXJHUjdwX3J0c3poendvV1Y4UUxhOWw1cmozaDV5QnA3UEdVZWY1QnZINWdWTTdsY211ZzhQc1Z3VW1VeGpNQUJzREk2bE13bXlVdnQ5dUt6LWJ4ZDFRMkdaOWNqVWZHQQ?oc=5,금리,반도체 성과급의 역습…금리·세금 올리는 방아쇠 스트레이트뉴스,,,,,,,pending,
b9ceae3d945fe0f6,2026-06-22T13:50:10+00:00,"Mon, 22 Jun 2026 07:33:32 GMT",Google News,"고환율, 구조적 리스크로…""한은 금리인상 나서야"" - 연합인포맥스",https://news.google.com/rss/articles/CBMicEFVX3lxTE5tQ1NSVWRTT05KQ2F6MExuNGk4UGNtdHFoWDZnZzdXVTVUMEUwd3dockVWU3N2NlZrYjItbzdZZUQwTkV2WnpTeVRhME9jNUVsOWU0WkpKZGdBWnREX2ZST3k4SGM4aGlQWkxYa0dVdWc?oc=5,금리,"고환율, 구조적 리스크로…""한은 금리인상 나서야"" 연합인포맥스",,,,,,,pending,
e670288e46bda1cd,2026-06-22T13:50:10+00:00,"Sun, 21 Jun 2026 20:42:27 GMT",Google News,"연초 기대와 180도 달라진 현실, 금리 인상 사이클의 재개 - SPI - 상업용 부동산 콘텐츠 & 데이터 애널리틱스",https://news.google.com/rss/articles/CBMiW0FVX3lxTE5LMFpiRFktTzJMMUo4b1Q0Q0Nlc1lXVVRIZXVaOGxoNjdFZ0xnLXEtT1V2RkFzTm1Zb3M4X295amRkM3pPaHNkUkdVdmV4dU8tOHdsRzdIdEpWbkU?oc=5,금리,"연초 기대와 180도 달라진 현실, 금리 인상 사이클의 재개 SPI - 상업용 부동산 콘텐츠 & 데이터 애널리틱스",,,,,,,pending,
ebf4b64372c6aeae,2026-06-22T13:50:10+00:00,"Mon, 22 Jun 2026 02:52:00 GMT",Google News,‘청년미래적금’ 오늘부터 가입 접수…기본금리 5%+우대 2~3%p - 한겨레,https://news.google.com/rss/articles/CBMiZ0FVX3lxTFBIaXViNFV0dWJBeWtGbWdKMGlYRUc3U2RydlNXUVRjOGNPdzg5LUJaTlRmeTRRMXhYd2J0QTM0cnU2czh4NHZ6N3RaOGFiN2M4eEIzSTUxTU9FMEd1MU9mUVYzNVVNMzQ?oc=5,금리,"‘청년미래적금’ 오늘부터 가입 접수…기본금리 5%+우대 2~3%p 한겨레 청년미래적금 나온 날…은행, 도약계좌 금리 낮췄다 서울경제 최대 19.4% 금리 '청년미래적금' 오늘부터 가입 신청…첫 주 5부제 대한민국 정책브리핑",,,,,,,pending,
92f15daf7eb2a59a,2026-06-22T13:50:10+00:00,"Mon, 22 Jun 2026 10:56:01 GMT",Google News,"윤여삼 ""반도체 호황 길어지면 중립금리 상단 3.25%까지 높아질 수도"" - 연합인포맥스",https://news.google.com/rss/articles/CBMicEFVX3lxTE5SeTUyZEI5UDBiX211NS1Qa3V2YVAxWTl1QlFtTGtDUlBOcTJuN0FkXy1iZmt0cTczZF9PU0NhQTNfcDBubVNmRFlYODBGQXhvYjFGVHZvSWJPMDJiLUxleDZwVmN1ak9xQjYtaTUtc3E?oc=5,금리,"윤여삼 ""반도체 호황 길어지면 중립금리 상단 3.25%까지 높아질 수도"" 연합인포맥스",,,,,,,pending,
9145bb8e1578a6b8,2026-06-22T13:50:10+00:00,"Mon, 22 Jun 2026 10:15:53 GMT",Google News,"AI發 채권시장 부담 커져…“인프라 투자 확대, 구조적 부담 요인” - 서울경제",https://news.google.com/rss/articles/CBMiUkFVX3lxTE1rd3dDTDNGY18xNWRmQWt1LUowbkhLYXZuMTRyczZ3a1RNZGpHMU1UT2pLT1ZVTjNSR3hOZVJpY29MMXRrM0FFSS1ZVFYzMWRRX1HSAVNBVV95cUxOTWVPcnpreURFdWQyb3Jla19UUzU0Q2JkSmtWdFZCNEh2V2haN3BLTW8tUXdGdXRHd1g0MS15aEgwV1RpbUI1cERoLTVSM01kWWJiaw?oc=5,금리,"AI發 채권시장 부담 커져…“인프라 투자 확대, 구조적 부담 요인” 서울경제",,,,,,,pending,
0a2898a156627bca,2026-06-22T13:50:10+00:00,"Mon, 22 Jun 2026 09:00:06 GMT",Google News,'빚투'의 부메랑…증권사가 단기채 금리 밀어올렸다 - 한국경제,https://news.google.com/rss/articles/CBMiWkFVX3lxTFBXdlBnbm83NHpESFZqMTdQNGs2Y3QtdVdrNktMcFFWODRZRWFfd1VzU3M0M0RMRnRHR25ya2N6Y19GZlhTMnY0aUJYSDAzNkVkMmtmR1FhbEYzd9IBVEFVX3lxTFAwX2QtUkhMWndtLXI4UklHTWpiSVZaQkxqcVU2WnJOOXVYYVRRU3p4Y3l1YnU1VGxaeTVjMEFuUElfWGFkeVhBYnBnTXBSY1pPZ3pIeg?oc=5,금리,'빚투'의 부메랑…증권사가 단기채 금리 밀어올렸다 한국경제,,,,,,,pending,
a717cd8cdfbade9c,2026-06-22T13:53:29+00:00,"Mon, 22 Jun 2026 07:36:00 GMT",Google News,"재경부, 공공기관 AI 활용 우수사례 타기관 전파 본격 추진 - 네이트",https://news.google.com/rss/articles/CBMiU0FVX3lxTE5sUjQwend4ZktEbDhoaGtuSjZ6TXlMQ1hLX3hLcmtXVXNtemJud2VGUXh2NXRiNDFXYU04bnNNZFdkb3NXQlZzRC01aGt0SkZWdXhV?oc=5,AI,"재경부, 공공기관 AI 활용 우수사례 타기관 전파 본격 추진 네이트",,,,,,,pending,
78a84e2ce29fd30e,2026-06-22T13:53:29+00:00,"Mon, 22 Jun 2026 06:00:00 GMT",Google News,"재경부, 공공기관 AI 전환 현장 릴레이 방문 시작 - 네이트",https://news.google.com/rss/articles/CBMiU0FVX3lxTE9CcV9YdkJkSkVKb0VmQkVyeC1ELTBZb0J2NmJfaXJUeWd4UFc5bGZZY0RRcFY5WE9naDZIVl84QS1jU3RPRTFsOHRVMjE2TFZzNnJV?oc=5,AI,"재경부, 공공기관 AI 전환 현장 릴레이 방문 시작 네이트",,,,,,,pending,
2f9fe33934ced935,2026-06-22T13:53:29+00:00,"Mon, 22 Jun 2026 00:33:09 GMT",Google News,"오픈AI, 삼성전자에 챗GPT 공급…""최대 규모 계약"" - v.daum.net",https://news.google.com/rss/articles/CBMiT0FVX3lxTFBrOHk1OC1FaXNmU3hjRUFIOEhQbTRfdlVvbm9GaENGbXhIbTRES3hVVC1tS2ctWmVQV3ZTVFRKemVZR1paa1RKbWNZalU3VE0?oc=5,AI,"오픈AI, 삼성전자에 챗GPT 공급…""최대 규모 계약"" v.daum.net",,,,,,,pending,
04c6f893bf325a86,2026-06-22T13:53:29+00:00,"Mon, 22 Jun 2026 03:12:13 GMT",Google News,"오픈AI, 삼성전자 전 임직원에 챗GPT 엔터프라이즈·코덱스 공급 - AI타임스",https://news.google.com/rss/articles/CBMiakFVX3lxTFBld29DSnNjSFpDZ3FzckptQW5FZDB3azlvb195Z1RlOFpmSWRrSGJkb05KdGZNMXU0blp0UUltTE03ZEtSbVU3NzRiTHlZMTdrQ0piaDlDcGdJeWJQV2p2el9oQm9HNlVPbFE?oc=5,AI,"오픈AI, 삼성전자 전 임직원에 챗GPT 엔터프라이즈·코덱스 공급 AI타임스",,,,,,,pending,
9a16e7c6288ef97b,2026-06-22T13:53:29+00:00,"Sun, 21 Jun 2026 05:54:16 GMT",Google News,“3억 올랐으니 계약 파기하자”...반도체 호재 터진 동탄 ‘대혼란’ - v.daum.net,https://news.google.com/rss/articles/CBMiT0FVX3lxTE5TN2lyakxvYjNHR0hFRGJkdEJ5c0dudjk1Q1lrdGxhMHNKbDQ2NlVqczVOREREMmFZa2dDNFZkZzlRUkctVFUxT0R4Q2tGNVU?oc=5,반도체,“3억 올랐으니 계약 파기하자”...반도체 호재 터진 동탄 ‘대혼란’ v.daum.net,,,,,,,pending,
f587b17b0093e789,2026-06-22T23:23:25+00:00,"Mon, 22 Jun 2026 15:09:28 GMT",Google News,"'AI 인재 확보전' 밀리는 구글…럽너 ""6월말 변동성 후 강세"" [빈난새의 개장전요것만] - 한국경제",https://news.google.com/rss/articles/CBMiWkFVX3lxTFBqU2FNSU5DbURiWVFwODZ4NkZxSDV2eVVpS1B1WEdtbjNfOVB0SUNhd1BqYllRY1JRMjBMZ3BXbldyZ2kyQ3UwQ3VSLTI0TmRsbjkxNjA3WVNMZ9IBVEFVX3lxTE5PYnRSSGZCZ0lyYUpyZERSS0ZOZV8zV0cwX2gxLTg1QzhyUjZ5WXVtTWdydlFVXzFkZEJjbGp3LU5ZOG51THFYWS0xS0N0aXJULUtoOA?oc=5,AI,"'AI 인재 확보전' 밀리는 구글…럽너 ""6월말 변동성 후 강세"" [빈난새의 개장전요것만] 한국경제",,,,,,,pending,
77b0a2e59d08d008,2026-06-22T23:23:25+00:00,"Sun, 21 Jun 2026 15:04:38 GMT",Google News,"구글 떠난 노벨상 수상자, 앤트로픽 이직…AI발 빅테크 인재전쟁 - v.daum.net",https://news.google.com/rss/articles/CBMiT0FVX3lxTE5DblJCMl91Wm4tT3FZQU5uNzJRMDd4OTgtQWJETlRzWVhtem96TEtmaGs0a2hSemFVLWdHRzZiSEgyMUdod0hibGlnNVpyZzg?oc=5,AI,"구글 떠난 노벨상 수상자, 앤트로픽 이직…AI발 빅테크 인재전쟁 v.daum.net",,,,,,,pending,
d088091ff4bce37f,2026-06-22T23:23:25+00:00,"Mon, 22 Jun 2026 22:01:54 GMT",Google News,"구글, 'AI 연구' 영화사에 투자…주가는 AI 인재 이탈에 급락 - 연합뉴스",https://news.google.com/rss/articles/CBMiW0FVX3lxTFBsTXd5MnZzVTBQQmZ6OG5Tcy1ydEgxdm41MFNRa0lRcmZDbGFRb1ZpcW5LNlVpcW1tU29idUJwYzhTTUN0M1VZeDNZRmdMamU0eHotcUtuZEFFWW_SAWBBVV95cUxOTWlGTXFaeFZ6NnVwYmtzSkpSN0NILUNubEdqVGR6N3pieXJ6NU45VTJuX2Y5ejVyS1hhRzVsZVVWLWgzQURoSVNLMUdiR3NjNW82TzZ4eEw5aThSYUFQd3M?oc=5,AI,"구글, 'AI 연구' 영화사에 투자…주가는 AI 인재 이탈에 급락 연합뉴스",,,,,,,pending,
372732a7070cf4c1,2026-06-22T23:23:25+00:00,"Mon, 22 Jun 2026 23:00:33 GMT",Google News,"부산시, AI로 ‘조상땅 찾기’ 추진…상속등기까지 원스톱 안내 - 서울경제",https://news.google.com/rss/articles/CBMiUkFVX3lxTE1EUk82ODJLb2FRTnBkcy1feTI1TExpdkVVaXZKdGxCTkFmdGRzZTUySWU2T2psTmoyOGM0UTFHcHV1LTk0MGhCT0NiNW9qNGFfTXfSAVNBVV95cUxNdWZVaHRuTGdhalk1UHJnd0Q5NmZidllhSmNObjBiOWk3TGp6U1J0RjNjTWJiVzZsZ01CaS1YUW1fT1VPWTVPbDlnd040VVR2V3ZhYw?oc=5,AI,"부산시, AI로 ‘조상땅 찾기’ 추진…상속등기까지 원스톱 안내 서울경제",,,,,,,pending,
f643bd594f30c650,2026-06-22T23:23:25+00:00,"Mon, 22 Jun 2026 22:53:52 GMT",Google News,"부산시, AI 활용 '조상 땅' 찾기 서비스 - v.daum.net",https://news.google.com/rss/articles/CBMiT0FVX3lxTE50eUdRaVV6djJMenlUOWZJRmZGWk1ERVpKRmxYV2VYMjZnOVBmY1E4eW1OQUtCdHpCdmNiMTFjY182WUc1QWVvM09pLXdRVFU?oc=5,AI,"부산시, AI 활용 '조상 땅' 찾기 서비스 v.daum.net",,,,,,,pending,
0ca11981e7630304,2026-06-22T23:23:25+00:00,"Mon, 22 Jun 2026 22:24:23 GMT",Google News,"AI로 조상땅 찾기…부산시, 전국 첫 원스톱 서비스 - 뉴시스",https://news.google.com/rss/articles/CBMiYEFVX3lxTE5ScWE0Uzk2YURudEdyZjlwTWpZaTBrSE9oNTFHYjFnejNGdzU1V0tNR0dTR3VxNDBvai1yREpjSE9RQlhkc0d0YnZEaEhtWjhEV3ozTEVXclJiaVMtNHJ1TNIBeEFVX3lxTE10ektRalVaWFNiUGhhRm1PWmZZUVctZ1BsY2RfdzdocElPSEppc2gwLWg3Vmd1eE5iNGV2cVFfTDNaV2ptS1N5S3R0MFR1aENhOUV1c2xUWHpCbXVRQUZHTGczdVF6XzFadl9HcThubm1mUWt6WFFMUQ?oc=5,AI,"AI로 조상땅 찾기…부산시, 전국 첫 원스톱 서비스 뉴시스",,,,,,,pending,
17ad7cb4d3943175,2026-06-22T23:23:25+00:00,"Mon, 22 Jun 2026 22:02:18 GMT",Google News,AI 시대 인간을 묻다…서울국제도서전 내일 개막 - v.daum.net,https://news.google.com/rss/articles/CBMiT0FVX3lxTFBLdFpLTHBaZ19TZmNYcTVJSG9wUHJhRGRkOVFXLUlic0dORVhDRm13eXhDTmZDbVpYLWtiVUs0SjVxZE1WYnBDMWtFb0pQVG8?oc=5,AI,AI 시대 인간을 묻다…서울국제도서전 내일 개막 v.daum.net,,,,,,,pending,
dfe03315a25e3d1a,2026-06-22T23:23:25+00:00,"Mon, 22 Jun 2026 22:31:25 GMT",Google News,놓쳤던 '공사장 위험'‥AI가 잡아낸다 - MBC 뉴스,https://news.google.com/rss/articles/CBMiekFVX3lxTE13dlVnWTNpaV80eVVNaHlNZDQ5ekN1cmYtMnVxNXVZV25WSERnbkdkWGVvNEE0dWN1MFIyNEJtSFI5UlIxbHR5TnRha1prSmRVZlFERVQ4cFllUXY0UE9vVGtRdGpIc19rWGZkZWlwcWlhX0tNNzMtSXFR?oc=5,AI,놓쳤던 '공사장 위험'‥AI가 잡아낸다 MBC 뉴스,,,,,,,pending,
2214fe7a3f9fa35c,2026-06-22T23:23:25+00:00,"Mon, 22 Jun 2026 18:00:00 GMT",Google News,지금 ‘반도체 광풍’은 예고편일 뿐… ‘AI 인프라 확충 전쟁’ 터진다 - 조선일보,https://news.google.com/rss/articles/CBMigAFBVV95cUxPbTB3QVpvOEE1SXJOZWRON0FBSnBUWWNMRDdMS0FEUlNMWVJJVXlSVVFxdmk5bUo3VkJjTjJhcjlHbU54Y3NKZGhZV0l3bVJwR2tXdGZ1czRhRW1ydElwakRFYUgxMEdmbFJVRjd0WG5ncENtSUxlX3pMU2hsUFdReg?oc=5,AI,지금 ‘반도체 광풍’은 예고편일 뿐… ‘AI 인프라 확충 전쟁’ 터진다 조선일보,,,,,,,pending,
896e705569c32306,2026-06-22T23:23:25+00:00,"Mon, 22 Jun 2026 15:31:00 GMT",Google News,변기·조미료 기업도 반도체 기술로 돈 번다 - 조선일보,https://news.google.com/rss/articles/CBMingFBVV95cUxQNFhaRTY3NDlMZERoMFpld0IybENRQ1JqbXAyQ05CN0ZRcG1nX1QyLWhBcm9jZndtNFFXdlZHY2JuNkcyTTUxVGRLWkx1Y0hseTc4Nm1KeFJGWHV2S2p1M1pib2ZOeDFEbkxrTEVaekoybzRZblg0RmlFYkpmcUt1NEViZ2d3aHZlUjVKd1BXUWEyTHc2dmdPbE9hSWtOdw?oc=5,반도체,변기·조미료 기업도 반도체 기술로 돈 번다 조선일보,,,,,,,pending,
48cbfafcb5260857,2026-06-22T23:23:25+00:00,"Mon, 22 Jun 2026 02:55:43 GMT",Google News,"반도체 초호황이라더니…변기 만들던 회사까지 ""7600억 투자"" - v.daum.net",https://news.google.com/rss/articles/CBMiT0FVX3lxTE52TU9GaDNURWFQN3R5Um9kdW4tVHZIMXVUX2U0dlJqeGNWOUdaYzVDc29qLWo0YTI0RDF1dTZVajRPU2RxMjM4NU5nTWlpdlk?oc=5,반도체,"반도체 초호황이라더니…변기 만들던 회사까지 ""7600억 투자"" v.daum.net",,,,,,,pending,
a58eccd184576497,2026-06-22T23:23:25+00:00,"Mon, 22 Jun 2026 20:35:00 GMT",Google News,"日 토토, 반도체에 4억 9,500만 달러 투입… 초미세 1나노 전장 합류 - 글로벌이코노믹",https://news.google.com/rss/articles/CBMiiAFBVV95cUxPbDdMa3Yxb18xWGpWeXlDZ1BYZm9lN19naXlZYTZzS3FxbUxHWHQ4UTdpT0ZiNVZMNUw0Vms5SkRUallSQk5yOTBkamtwcTNSa1FvOVlpSDZxaF9OUVZNbUNLSzZ6WThQMXZWS3Q5b3RoNmtISWh0Y0kzOHRGYWxMdFNyNTl5WEZv?oc=5,반도체,"日 토토, 반도체에 4억 9,500만 달러 투입… 초미세 1나노 전장 합류 글로벌이코노믹",,,,,,,pending,
916b484c3b9fbcd1,2026-06-22T23:23:25+00:00,"Mon, 22 Jun 2026 04:06:45 GMT",Google News,"26년 '삼성 천하' 끝났다…SK하이닉스, 코스피 새 대장주 등극 [종합] - 한국경제",https://news.google.com/rss/articles/CBMiWkFVX3lxTE5Dd3J6MGpXaGd6WE5yclVFUnRPdXRDM3FKYWlYUnh4VmVKSEtYZHBlbG95Rzh3UXFhUEtXSTdfb3haOE55cjJadWdkaEtCdXVpcUc1UEM2ZU0td9IBVEFVX3lxTE9WNkhLM1pseS1EaWlfQVlUV0pxdmMtTElITUNfMFVyRW1aS2N6WW11QktZY0RJRzhSNUNaYVRuUGExTU5DaUd2dXdVbDRCQWJISlBqcQ?oc=5,반도체,"26년 '삼성 천하' 끝났다…SK하이닉스, 코스피 새 대장주 등극 [종합] 한국경제",,,,,,,pending,
eccd799bea4d9fc5,2026-06-22T23:23:25+00:00,"Mon, 22 Jun 2026 15:54:00 GMT",Google News,반도체만 집중해 HBM 선점… 美 상장 기대감도 호재 - 조선일보,https://news.google.com/rss/articles/CBMiiwFBVV95cUxOWEJhbVllU1dCYmplOGQzR0RqTV8tcC1GN1UyT1FKQjZ1bHN0WDRsOG9CZ29qZmZpYzFmQ1dLYzhrejdldTR4Y3o4ZFlDLXNuTVB1WVBKQkJzYlhwLUVTMlVDY3Bob1lobmhzTTJVbzBNeDlHNVc1U2YzMWVra0g3MkxNX01fYWRoTURR?oc=5,반도체,반도체만 집중해 HBM 선점… 美 상장 기대감도 호재 조선일보,,,,,,,pending,
5895ad7606db9cd0,2026-06-22T23:23:25+00:00,"Mon, 22 Jun 2026 22:46:00 GMT",Google News,삼전닉스보다 훨씬 더 오른 반도체주가 있다?…연일 신고가 경신 '닮은꼴' 한·일 증시 - 아시아경제,https://news.google.com/rss/articles/CBMiYkFVX3lxTE9jMG1HS2xtRDVESlZQN2R3Y0hGQ1AxcWJsRUMxNVNzQ3NaRUMwSThfM1hOQ2ZPa0liMjRPNDFCa2VHaFVfbzFIU0JFWUtnVXRDWTJGZVRacUJYeWFtcGNkNXdn?oc=5,반도체,삼전닉스보다 훨씬 더 오른 반도체주가 있다?…연일 신고가 경신 '닮은꼴' 한·일 증시 아시아경제,,,,,,,pending,
06d7c8a8de8cae3d,2026-06-22T23:23:25+00:00,"Mon, 22 Jun 2026 22:48:30 GMT",Google News,삼전닉스보다 훨씬 더 오른 반도체주가 있다?…연일 신고가 경신 '닮은꼴' 한·일 증시 - v.daum.net,https://news.google.com/rss/articles/CBMiT0FVX3lxTE85amNrTkRsZzdvdlJCWnJhS0hSTzV5Z1VQdzFzNWU0enJweWVwZmhRZmNqLXF2TnlhcnNsNEVoTzMta00taGRWdzA2RHd4dHM?oc=5,반도체,삼전닉스보다 훨씬 더 오른 반도체주가 있다?…연일 신고가 경신 '닮은꼴' 한·일 증시 v.daum.net,,,,,,,pending,
a18b038ee01c580a,2026-06-22T23:23:25+00:00,"Mon, 22 Jun 2026 22:51:58 GMT",Google News,"워트, 반도체 투자 재개로 실적 반등 기대…해외 고객 확보도 주목-키움 - 마켓인",https://news.google.com/rss/articles/CBMic0FVX3lxTE94NXFWU0tnOG83V05Ja2hSaTJhUzRoXzdzZ3pLUnpHY19GaWVpemk5QTlFSmxReGhEcTY0TW9yaEpvanhheGF0V1p4b0xCOE93bTJ2UEo2U1RqZTZYVVhqdkFKMkVEa0dnSFlVNG14QVBMMUE?oc=5,반도체,"워트, 반도체 투자 재개로 실적 반등 기대…해외 고객 확보도 주목-키움 마켓인",,,,,,,pending,
cd517984bec40efc,2026-06-22T23:23:25+00:00,"Mon, 22 Jun 2026 22:48:50 GMT",Google News,"[클릭 e종목]""위지트, 반도체 소부장 기업으로 재평가…자회사 지분가치 시총 상회"" - 아시아경제",https://news.google.com/rss/articles/CBMiYEFVX3lxTE43czJDLWZES2lYZlB4R3NXYThVMjAxZFdsMDNlRm81UldDUXBLTHVlQndBaWN5ak5NZmliUU5iWTNEdUgxdklLdkFEbVVwQmt1Y0h3NWdEYzV3dGhFVVktbg?oc=5,반도체,"[클릭 e종목]""위지트, 반도체 소부장 기업으로 재평가…자회사 지분가치 시총 상회"" 아시아경제",,,,,,,pending,
c4831ba228a92617,2026-06-22T23:23:25+00:00,"Mon, 22 Jun 2026 00:09:56 GMT",Google News,"한투 'ACE K반도체TOP2+·ACE 코리아AI전력TOP10 ETF', 2종 내일 상장 - 뉴시스",https://news.google.com/rss/articles/CBMiYEFVX3lxTE4zS0VTcGp2ckJuQks1WHkxd1NPYUlTcEJBdl9JU3lsa0NWbmhZajVFdlNlMGoxMG1ybzQtX1pnZy1kWEVxRGotM2lFamVDZkUtWXpUZzN4VHVaNnZIVGFhY9IBeEFVX3lxTE1NcHZqemx5UzIwYUJQNXd3N192N2ctWVN6STY0eHd5MTR1ODRNcjZmQ2Y2RWs4ZGxCUVhRZ3hvVW1HVlR5OVd3WDVsU0tTaWFfT2dveGVHYzA0Q1hpWWlUYmVmM3RCaHpPT1pyem90SU1Xa3lBaFkwWQ?oc=5,반도체,"한투 'ACE K반도체TOP2+·ACE 코리아AI전력TOP10 ETF', 2종 내일 상장 뉴시스",,,,,,,pending,
0b2bb50d1cc84780,2026-06-22T23:23:25+00:00,"Mon, 22 Jun 2026 19:30:00 GMT",Google News,'경제적 자유' 꿈꾸지만 창업 현실은 냉혹…세대별 맞춤 처방 시급 - 머니투데이 - 머니투데이,https://news.google.com/rss/articles/CBMiakFVX3lxTE85ZFNOLXU1bmVHSDUxbURUd2xHUnZsRnB6THhUa1FtczU3SUZib2pPYmNVZkd2VkNDRmVLMVFiQlZZU0pHTmx0WFBJMEYwSER5VHBQeHVfejJzX0NUYnRkOVZoU0RkNFBCWVHSAW9BVV95cUxPSzJTQlBFMmtXdEt6NC1EMDdzTjJxVk51YlRacHM1M3RwZjllbWxJLUpVMlFfcHpwTndsYU1KOTRvZjloTTJ3ZGJwZWxVV1Zma1JXRmlUMGU3eTM5ZU5kcDEwMEVhei02ODNmWTVCTm8?oc=5,스타트업,'경제적 자유' 꿈꾸지만 창업 현실은 냉혹…세대별 맞춤 처방 시급 - 머니투데이 머니투데이,,,,,,,pending,
148d18e6b59c180b,2026-06-22T23:23:25+00:00,"Mon, 22 Jun 2026 21:00:12 GMT",Google News,금리 인상 우려에도 우주·AI 스타트업 투자 몰려 - v.daum.net,https://news.google.com/rss/articles/CBMiT0FVX3lxTE5BV1YxWFp1eExnMXRxQ3ROSEl5QmxDY3Q1UFR6ZEhIM0hiZk54amVKSjkwbWN6SFpnbkRJckR3d2xiQnBHN3lLSkQ1NmRtZ00?oc=5,스타트업,금리 인상 우려에도 우주·AI 스타트업 투자 몰려 v.daum.net,,,,,,,pending,
2f10d3d9ccfcee51,2026-06-22T23:23:25+00:00,"Mon, 22 Jun 2026 21:31:00 GMT",Google News,전쟁 특수에 웃는 방산 스타트업...VC 투자 2배 급증 - 서울경제,https://news.google.com/rss/articles/CBMiUkFVX3lxTE1XSUxGc2RyY3NDczdPWmxubnJnYUZTcnV4a2Nwc0phX0N3Z1lpRHdzNGlRZlNFUUxYZ1VQdjB1cHhvRE1jeV9xTzJuXzF0WVhHOUHSAVNBVV95cUxOT1RUT1R6bEE5NVkybHVFYVhFWW04cmV1Y3FzS3J2eW1ZZHhFeXl2ZjBLSlE0ZTdlTVZsVmxFU0VOUlhLMmxmWXhjLXN0LXZMZ3ZqRQ?oc=5,스타트업,전쟁 특수에 웃는 방산 스타트업...VC 투자 2배 급증 서울경제,,,,,,,pending,
184e955aca818e47,2026-06-22T23:23:25+00:00,"Mon, 22 Jun 2026 04:41:00 GMT",Google News,"“실리콘밸리가 전장 지배한다”… 이란戰 지켜본 VC, 방산 스타트업에 19조원 뭉칫돈 - 조선비즈 - Chosunbiz",https://news.google.com/rss/articles/CBMingFBVV95cUxQWk5WM2dLcEZQRUNOb2FCaHh2aW5HWVlqTzM3eDdGZjY1TFltUzFMZWV4dlNYLUE4N1VvemhSY0JVYVBLTENfNlRfOFhwYjUzYjE1b1BmSmM3UG5ranRCZGVtSUFmUHozc3U4aVFUUXRndFBOQTFtSlpfYWpEWlVPaUxpSm1manRoYXlNbmV5c1o1VzRqNnpnSnBmdTExZ9IBsgFBVV95cUxQRDA0VXRLazZzbGgwVWhlbUtsNGZhMXlBOXRUczJsaWlHMUZmYXc1VVd5ZWx0SDBvU196NEw0ckd2cGtOWG9odk92SWZOeUM2cWNzVWRRV3RsUk8xalNscE55LVlzWGJIOUJVTkZSMlRGT2t4djVBSWc2c1RMLTlTRXVwWDRGZ2o0VXRiMndLLUw1ckdfS3IyT2VoQWhuTkpfc1hlSjVfNHdJX3ctOEpxcllR?oc=5,스타트업,"“실리콘밸리가 전장 지배한다”… 이란戰 지켜본 VC, 방산 스타트업에 19조원 뭉칫돈 - 조선비즈 Chosunbiz",,,,,,,pending,
0f0fdd6d7bc8d389,2026-06-22T23:23:25+00:00,"Mon, 22 Jun 2026 05:37:19 GMT",Google News,드론·전장AI에 돈 몰린다…방산 스타트업 투자 19조원 돌파 - v.daum.net,https://news.google.com/rss/articles/CBMiT0FVX3lxTFB0N0JZTkY4RGdHdnVPcmtkdmVjcXRUMVY0bUVYQlhUMjZFZmg0bFlrQ0Q2TFc5Rk9odDEtUkJDMVgtdS1fampvaDR4TXlkUGM?oc=5,스타트업,드론·전장AI에 돈 몰린다…방산 스타트업 투자 19조원 돌파 v.daum.net,,,,,,,pending,
8225adc8e5940157,2026-06-22T23:23:25+00:00,"Mon, 22 Jun 2026 15:30:00 GMT",Google News,"“AI 에이전트 시대, 속도가 관건… 실행 빠른 K스타트업에 기회” - 동아일보",https://news.google.com/rss/articles/CBMidkFVX3lxTFBOWHcyMUc2ZnE0R29DZ2l6SXdIejVrRmtkTXpPY2thUTVDWEdvWGVvMmdMWl9OUFpzRnNjcFFOdlZrT0RjRUZiNjltNW4zTHp1LUdQakgxdXZ4Rk5pLUFCN21xSldrVEJYN1hsU2ZuQ01aWFhsZEE?oc=5,스타트업,"“AI 에이전트 시대, 속도가 관건… 실행 빠른 K스타트업에 기회” 동아일보",,,,,,,pending,
70e98ae83a69493b,2026-06-22T23:23:25+00:00,"Mon, 22 Jun 2026 05:57:00 GMT",Google News,"호서대 참가 지원 스타트업, 유럽 전시회서 17억원 투자확약 - 미주중앙일보",https://news.google.com/rss/articles/CBMiYkFVX3lxTE9PYXJRY25BYW1PSFNjNkFwSl9hbWpuOVNpVVBQTk9CbkhsQ2JWUDFKeWpkY0FvbW5TbnZpY1lGcXFTaHNlSmw5Q2pvUEpqYmRaRFRpQkg1WVdFOEVEMHRmUWtn?oc=5,스타트업,"호서대 참가 지원 스타트업, 유럽 전시회서 17억원 투자확약 미주중앙일보",,,,,,,pending,
488b21a8f50cad72,2026-06-22T23:23:25+00:00,"Sun, 21 Jun 2026 20:47:41 GMT",Google News,금융 위기 전으로 돌아가는 연준? 금리 방향 ‘힌트 주기’ 없애는 워시 - 조선일보,https://news.google.com/rss/articles/CBMingFBVV95cUxPUjhkbTA1UFFpU1B6MUhDSGtaTWZOZU9hTFlaX2t2cnFxQVJ3OEFPWnZacXN6MVR1a1FHdVBZemFkcmROWkZ3dGxUdlVxOXpjV1RJTU5HRE5fc1hiemtwTWNuVkRyYmljaVcyRkhVUjlQdjdZQzgwTmpOYVV1MDF4aTVIWnVXQ0RpZWtUTGZUaXQ5R2VJSU1tNlRERE9FQQ?oc=5,금리,금융 위기 전으로 돌아가는 연준? 금리 방향 ‘힌트 주기’ 없애는 워시 조선일보,,,,,,,pending,
988895f16c00e84e,2026-06-22T23:23:25+00:00,"Mon, 22 Jun 2026 21:58:00 GMT",Google News,6월 소비심리 두 달 연속 개선…금리상승전망은 ‘껑충’ - KBS 뉴스,https://news.google.com/rss/articles/CBMiW0FVX3lxTE9wV2t0UmFZYndZQ19Icl9LYndFMTFQZkxnQmJYN1BDV1U1SHRQYnVzUjY4V3ZlOFFlMVBYanVGSEQxZWcyVElWZXVqYTJad0xqSXBvTG12Q3ZlNzQ?oc=5,금리,6월 소비심리 두 달 연속 개선…금리상승전망은 ‘껑충’ KBS 뉴스,,,,,,,pending,
2491ed88194bb5ab,2026-06-22T23:23:25+00:00,"Mon, 22 Jun 2026 21:00:05 GMT",Google News,'증시 활황'에 소비심리 두 달째 개선…금리전망은 9년 6개월 만에 최대폭↑ - 마켓인,https://news.google.com/rss/articles/CBMic0FVX3lxTE00UEJlMkI0RWdGRTRJQ3d5djQteVp2QjNRUzlaSzZSZGZwaEs5enhpTVN3WDVoODVDU05ZUll6a21EcTY2RDFsTkJFdVl1cGpBZFJDQ1pqZWlrcWhlcVhhTmwzVTRHT1pKcmdHRnVjVkE2NW8?oc=5,금리,'증시 활황'에 소비심리 두 달째 개선…금리전망은 9년 6개월 만에 최대폭↑ 마켓인,,,,,,,pending,
21464b888a2a5553,2026-06-22T23:23:25+00:00,"Mon, 22 Jun 2026 21:03:12 GMT",Google News,"인상 임박, 금리전망 9년반만 최대폭↑…증시·성과급에 집값 전망 들썩 - v.daum.net",https://news.google.com/rss/articles/CBMiT0FVX3lxTE9nTlZmaE40YnRpaHgzQzZhX1pkOVlSeDBCNXpRczhiRko4N3lVNVBuSUxlNDRwZ2ZCOThLMkdmMnJfenJxeW9RS1o5QXJNRUE?oc=5,금리,"인상 임박, 금리전망 9년반만 최대폭↑…증시·성과급에 집값 전망 들썩 v.daum.net",,,,,,,pending,
7f5aac65723860a5,2026-06-22T23:23:25+00:00,"Mon, 22 Jun 2026 22:50:06 GMT",Google News,[뉴욕환시] 달러 사흘째↑…美 국채금리 상승 속 DXY '101' 상회 - 연합인포맥스,https://news.google.com/rss/articles/CBMicEFVX3lxTFBGdlQ5T2V5RjFoaHlrcnJ2c2ZXRndUZjhXZ01BNmJVRU1yVm9LRUZxX1kwQ09KT29MOUFscHlIcTFndDRpdm1BeFRZQ3NJY0lYSzNmT2diZHJTdElpQmRZR3gxVERDNjVMWjJBRmRkSDc?oc=5,금리,[뉴욕환시] 달러 사흘째↑…美 국채금리 상승 속 DXY '101' 상회 연합인포맥스,,,,,,,pending,
d3235c08b1d4d658,2026-06-22T23:23:25+00:00,"Mon, 22 Jun 2026 01:24:49 GMT",Google News,"""최고 연 19%"" 청년미래적금 어디서 가입할까…은행별 우대금리는? - 뉴시스",https://news.google.com/rss/articles/CBMiYEFVX3lxTFBia2lIRHNpWHhnSV93N3N1dGIyeC1ZckV2YkxRYUR3RHRGZWRwTkVJQ0RqSFFUUEZ5b25OS2dURTV0YkcydXVKZkNyWlhfRjFFOXZ1d1E1MDdCWHVTYU1vQtIBeEFVX3lxTE5TWGhScjF2Z1RoLVFsUVpsYk0xR21YbGRHQWlvY2Nsb05RamlaMHd2MVJMMUNHT2RERldmU28zTGtvanlrOVdrdko2U2NrR0VLQUZCRjhyRWpucHFSM1dWUHdNUUZnbGVlV1ZyTXRkUFczbUd2OWFMYQ?oc=5,금리,"""최고 연 19%"" 청년미래적금 어디서 가입할까…은행별 우대금리는? 뉴시스 ‘청년미래적금’ 오늘부터 가입 접수…기본금리 5%+우대 2~3%p 한겨레 청년도약계좌 금리 4.5→3.0%…3년 고정 끝나자 ‘뚝’ 서울경제",,,,,,,pending,
ccd54fcb471b8a66,2026-06-22T23:23:25+00:00,"Mon, 22 Jun 2026 02:25:26 GMT",Google News,"포워드가이던스 없앤 美연준…""금리 오를 것""(종합) - 마켓인",https://news.google.com/rss/articles/CBMic0FVX3lxTFA5c3JtRHpILTg0ZTBjb0xmdkVZeUxKeVhUN3VzSDRXb2VNQ2M4ajZWdUQzN3lqcF8zV0VoN0tScTRzS0JoRUlhZWctQU05SlZ4eGZBYVlpTVQ2aWZxbkNBbms2Q0JPZ3V6SlBhdG8yTnZaMm8?oc=5,금리,"포워드가이던스 없앤 美연준…""금리 오를 것""(종합) 마켓인",,,,,,,pending,
d3860860385ea937,2026-06-22T23:23:25+00:00,"Mon, 22 Jun 2026 21:04:17 GMT",Google News,연준 19년 이끈 ‘금리 마에스트로’ 지다 [고인을 기리며] - v.daum.net,https://news.google.com/rss/articles/CBMiT0FVX3lxTE14eENNbndNclJWV2l6UkVMVlN3aUQxOVJQZC10ckdZRmVkazFVMF81eTdGV1RMX2NUQjdHVWpkZ2twRWZEc0JSR2ZMaGIxSjA?oc=5,금리,연준 19년 이끈 ‘금리 마에스트로’ 지다 [고인을 기리며] v.daum.net,,,,,,,pending,
